chest_id;chest_item;chest_coord;chest_type;chest_location;chest_region;chest_sideq;chest_done;chest_map;a_id
1;Large Zonai Charge;0942, -0043, 0429;Other/Regular;;;X;0;Surface;
2;Old Map;1852, -0979, 0927;Misko Treasure;;;X;1;Surface;
3;Old Map;1814, -1322, 0890;Misko Treasure;;;X;0;Surface;
4;Old Map;1661, -0352, 0400;Misko Treasure;;;X;0;Surface;
5;Opal;1655, 0553, 0008;Other/Regular;;;X;0;Surface;
6;Zonaite;0431, -1806, 1149;Other/Regular;Most Southern island;Great Sky Island;X;0;Surface;
7;Portable Pot;0570, -1674, 1468;Other/Regular;SouthWestern peninsula, west of Room of Awakening;Great Sky Island;X;0;Surface;
8;Amber;0758, -1378, 1492;Other/Regular;Bottomless Cave;Great Sky Island;X;0;Surface;
9;Flame Emitter;0767, -1369, 1544;Other/Regular;Bottomless Cave;Great Sky Island;X;0;Surface;
10;Amber;0854, -1445, 1551;Snow Buried Chest;;;X;0;Surface;
11;Archaic Warm Greaves;0767, -1339, 1587;Other/Regular;Under the giant tree stump next to Gutanbac shrine.;Great Sky Island;X;0;Surface;99
12;Wing x3;0829, -1236, 1596;Other/Regular;Northeast of Gutanbac Shrine;Great Sky Island;X;1;Surface;
13;Wing x3;0379, -1697, 2335;Other/Regular;;;X;0;Surface;
14;Royal Claymore;-0250, 0097, 0001;Other/Regular;Lookout Landing Well;Hyrule Field;X;0;Surface;
15;Bomb Flowers x3;1211, 0273, 0052;Other/Regular;;;X;0;Surface;
16;Sage Will;1781, 0980, 1226;Other/Regular;South Eldin Sky Archipelago;Eldin;X;0;Surface;
17;Battery 3x;2024, 1146, 1249;Hanging Chest;South Eldin Sky Archipelago;Eldin;X;0;Surface;
18;Sage Will;1765, 2266, 0827;Other/Regular;South Eldin Sky Archipelago;Eldin;X;0;Surface;
19;Amber;1988, 2479, 0787;Other/Regular;South Eldin Sky Archipelago;Eldin;X;0;Surface;
20;Zonaite Spear;1855, 2886, 0753;Other/Regular;South Eldin Sky Archipelago;Eldin;X;0;Surface;
21;Zonaite Shield;1497, 2151, 0678;Other/Regular;South Eldin Sky Archipelago;Eldin;X;0;Surface;
22;Zonaite Longsword;2098, 3118, 0741;Other/Regular;;;X;0;Surface;
23;Zonaite Spear;1854, 2887, 0753;Other/Regular;;;X;0;Surface;
24;Zonaite Spear;1709, 1195, 0543;Other/Regular;;;X;0;Surface;
25;Zonaite Longsword;1684, 1130, 0512;Other/Regular;;;X;0;Surface;
26;Zonaite Sword;1573, 1188, 0518;Other/Regular;;;X;0;Surface;
27;Old Map;-0816, -1591, 0861;Hanging Chest;;;X;0;Surface;
28;Sage Will;-0953, -1735, 1006;Underwater Chest;South Hyrule Sky Archipelago;Hyrule Field;X;0;Sky;
29;Magic Rod;-0986, -1738, 1011;Underwater Chest;South Hyrule Sky Archipelago;Hyrule Field;X;0;Sky;
30;Old Map;-1245, -1402, 1007;Hanging Chest;;;X;0;Surface;
31;Old Map;-1311, -1533, 0801;Flux Construct 2;;;X;0;Surface;
32;Nostalgic Fabric;-0811, -1964, 0158;Other/Regular;Temple of Time Ruins;Great Plateau;X;0;Surface;
33;Royal Shield;-0804, -1924, 0103;Other/Regular;Ruins Directly North of the Temple of Time Ruins;Great Plateau;X;0;Surface;
34;Stone Axe;-1039, -1994, 0145;Snow Buried Chest;;;X;0;Surface;
35;Spicy Elixir (7 Hearts, Lv.1 7:10);-1357, -1810, 0148;Snow Buried Chest;;;X;0;Surface;
36;Large Zonai Charge;-0719, -0888, 0033;Other/Regular;Exchange Ruins;Hyrule Field;X;0;Surface;
37;Red Rupee;-0791, -0866, 0027;Other/Regular;Exchange Ruins;Hyrule Field;X;0;Surface;
38;Cobble Crusher;2672, 1580, 0141;Buried Chest;Cephla Lake;Eldin;X;0;Surface;
39;Soldier-Broadsword Spear (10);3295, 1542, 0306;Other/Regular;Akkala Citadel Ruins Cave;Akkala;X;0;Surface;
40;Fierce Diety Armor;3300, 1492, 0395;Misko Treasure;Akkala Citadel Summit Cave;Akkala;Miskos Treasure;0;Surface;53
41;Royal Guard Spear (15);3311, 1515, 0414;Other/Regular;Akkala Citadel Ruins;Akkala;X;0;Surface;
42;Arrows x10;3609, 1086, 0222;Floating Chest;North of West Sokkala Bridge;Akkala;X;0;Surface;
43;Fierce Deity Mask;3429, 3298, -0125;Misko Treasure;Skull Lake Cave;Akkala;Miskos Treasure;0;Surface;52
44;Mirror x3;-4516, -3607, 0176;Sand Buried Chest;Lightening Temple Roof;Gerudo Desert;X;0;Surface;
45;Topaz ;-4947, -3858, -0058;Sand Buried Chest ;Gerudo Great Skeleton Cave;Gerudo Desert;X;0;Surface;
46;Fierce Deity Boots;-1107, -0545, 0035;Misko Treasure;Ancient Stump Cave;Hyrule Field;Miskos Cave of Chests;0;Surface;54
47;Spiked Boko Bow (12);-1188, -0329, 0047;Wooden Chest;;;X;0;Surface;
48;Large Zonaite;-1227, -0040, 0416;Other/Regular;;;X;0;Surface;
49;Spiked Boko Bow (12);-1200, 0238, 0063;Other/Regular;;;X;0;Surface;
50;Portable Pot x5;-1182, 0150, 0026;Other/Regular;;;X;0;Surface;
51;Zonaite x3;-2872, 0288, 0212;Ascend into the ruin;;;X;0;Surface;
52;Large Zonai Charge;1187, -0793, 0136;Other/Regular;beside Morok Shrine;Lanayru;X;0;Surface;
53;Shield of the Mind Eye (16);1388, -1142, 0135;Other/Regular;Sahasra Slope Cave;Lanayru;X;0;Surface;
54;Large Zonaite;1661, -0941, 0250;Other/Regular;Largest Ring Ruin;Lanayru;X;0;Surface;
55;Giant Brightbloom Seed x5;1651, -1180, 0215;Other/Regular;Southern Ring Ruin;Lanayru;X;0;Surface;
56;Strong Zonaite Sword (7);1663, -1183, 0213;Other/Regular;Southern Ring Ruin;Lanayru;X;0;Surface;
57;Amber;1708, -1080, 0130;Other/Regular;kakriko village ;Lanayru;X;0;Surface;
58;Eightfold Blade (6);1880, -1076, 0105;Other/Regular;Kakariko Village Well;Lanayru;X;0;Surface;
59;Strong Zonaite Shield (26);2662, -1387, 0122;Other/Regular;Lanayru South Cave;Lanayru;X;0;Surface;
60;Eightfold-Blade Halberd (13);1534, -1132, 0021;Other/Regular;Byroad to Lanayru Wetlands;Lanayru;X;0;Surface;
61;Arrow x5;1542, -0887, 0009;floating chest;Byroad to Lanayru Wetlands;Lanayru;X;0;Surface;
62;Shield of Mind Eye (16);2348, -1752, 0038;top of the pillar;Fort Hateno;Lanayru;X;0;Surface;
63;Barbarian Helm;2542+-1542+-0023;Misko Treasure;Robred Dropoff Cave;Lanayru;X;0;Surface;31
64;Old Map;4659, -0869, 1758;Hanging Chest;South Lanayru Sky Archipelago;Lanayru;X;0;Surface;
65;Old Map;4753, -0778, 1864;Hanging Chest;South Lanayru Sky Archipelago;Lanayru;X;0;Surface;
66;Large Zonaite;-0746, -1827, -0659;Other/Regular;Great Abandoned Central Mine;Hyrule Field;X;0;Depths;
67;Cobble Crusher (9);2399, 2684, 0512;Buried Chest ;Death Mountain West Tunnel;Eldin;X;0;Surface;
68;Zonai Charge;1914, 2494, -0849;buried under marbled rock;Death Mountain Chasm;Eldin;X;0;Depths;
69;Arrow x10;1396, 3063, -0786;2nd Floor;Fire Temple;Eldin;X;0;Depths;
70;Arrow x10;1377, 2834, -0713;4th Floor;Fire Temple;Eldin;X;0;Depths;
71;Arrow x10;1351, 2859, -0806;1st Floor;Fire Temple ;Eldin;X;0;Depths;
72;Arrow x10;1341, 2873, -0785;2nd Floor ;Fire Temple;Eldin;X;0;Depths;
73;Zonaite x3;1355, 3059, -0767;2nd Floor;Fire Temple;Eldin;X;0;Depths;
74;Soldier 2 Reaper (20);1295, 2946, -0755;3rd Floor;Fire Temple;Eldin;X;0;Depths;
75;Strong Zonaite Longsword (10);1299, 2933, -0799;1st Floor ;Fire Temple ;Eldin;X;0;Depths;
76;Arrow x10;1360, 2798, -0755;3rd Floor;Fire Temple;Eldin;X;0;Depths;
77;Arrow x10;1176, 2683, -0727;4th Floor;Fire Temple;Eldin;X;0;Depths;
78;Vah Rudania Divine Helm;2282, 2991, 0407;Other/Regular;Lizards Burrow;Eldin;Hidden Treasure at Lizard Lakes;0;Surface;101
79;Zonaite Bow (30);3268, 2018, 0185;Other/Regular;North of Kanalet Ridge;Akkala;X;0;Surface;
80;Travel Medallion Prototype;4522, 3163, 0247;Other/Regular;Akkala Ancient Tech Lab;Akkala;Presenting: The Travel Medallion!;0;Surface;
81;Fierce Deity Sword (38);2623, 1417, 0136;Misko Treasure;Cephla Lake Cave;Eldin;Misko Treasure: The Fierce Deity;0;Surface;
82;Large Zonai Charge ;0501, -1612, 1789;Underwater Chest;Above the Mining Cave;Great Sky Island;X;0;Surface;
83;Arrow x5;0738, -1203, 1434;Other/Regular;North of Gutanbac Shrine;Great Sky Island;X;0;Surface;
84;Bomb Flower x3;-0773, -1561, 0070;Other/Regular;Bottomless Mud;Great Plateau;X;0;Surface;
85;Climbing Chest;-1213, 0774, 0069;Misko Treasure;North Hyrule Plain Cave;Hyrule Field;X;0;Surface;38
86;Light x3;-0550, 2350, 0273;Buried Chest;Mount Drena;Great Hyrule Forest;X;0;Surface;
87;Eightfold Longblade (8, Durability up);-1149, -1933, 0101;Other/Regular;Shrine of Resurrection Cave;Great Plateau;X;0;Surface;
88;Knights Halberd (6);-1861, -2013, 0032;Wedged between rocks;Mount Nabooru Cave;Gerudo Canyon;X;0;Surface;
89;Arrow x10;-1888, -2042, 0103;Other/Regular;;;X;0;Surface;
90;Steering Stick x3;-1681, -2065, 0032;Other/Regular;The Digdog Bridge Ruins;Hyrule Field;X;0;Surface;
91;Knight Shield (40);-1503, -2232, -0017;Buried under tumbleweeds;Stalry Plateau Cave;Gerudo Canyon;X;0;Surface;
92;Gerudo Scimitar (8, Critical Hit);-2186, -1849, 0075;Between Rocks;Koukot Plateau Cave;Gerudo Canyon;X;0;Surface;
93;Gerudo Bow (25);-3235, -2558, 0018;floating chest ;Kara Kara Bazaar;Gerudo Desert;X;0;Surface;
94;Radiant Shield (35);-3251, -2644, 0009;Buried Chest;Oasis Source Cave;Gerudo Desert;X;0;Surface;
95;Arrow x5 ;-3903, -1896, 0275;Other/Regular;Gerudo Highlands;Gerudo Highlands;X;0;Surface;
96;Gerudo Bow (25);-3939, -1191, 0407;Floating Chest;Meadela Mantle Cave;Gerudo Highlands;X;0;Surface;
97;Topaz;-3922, -1249, 0378;Other/Regular;Meadela Mantle Cave;Gerudo Highlands;X;0;Surface;
98;Knight Claymore (11);-3480, -0091, 0070;Buried under thorns;Lake Illumeni;Gerudo Highlands;X;0;Surface;
99;Knight-Claymore Spear (28, Durability Up +);-2959, -0858, 0015;Horriblin Canopy;Tamio River Downstream Cave;Gerudo Highlands;X;0;Surface;
100;Phantom Armor;-2967, -0981, 0035;Misko Treasure;Tamio River Downstream Cave;Gerudo Highlands;X;0;Surface;89
101;Knight Claymore (11);-1360, -0243, -0015;Other/Regular;Sage Temple Cave;Hyrule Field;X;0;Surface;
102;Ancient Blade (50);0539, -3611, 0007;Other/Regular;Highland Stable Well, Komo Shoreline Cave;Faron;X;0;Surface;
103;Knight Broadsword (7);0484, -3720, 0006;Other/Regular;Highlands Stable Well, Komo Shoreline Cave;Faron;X;0;Surface;
104;Phantom Helmet;0297, -3777, 0051;Misko Treasure;Puffer Beach Overhead Cave;Faron;X;0;Surface;88
105;Old Map;1809, 1014, 1183;Hanging Chest;;;Misko Treasure;0;Surface;
106;Tingle Shirt;1215, -2052, 0273;Misko Treasure;Dueling Peaks South Cave;Dueling Peaks;Misko Treasure: Twins Manuscript;0;Surface;86
107;Spring x3;2256, -1434, 0026;Other/Regular;Lake Siela;Lanayru;X;0;Surface;
108;Knight Claymore (11);0599, -2097, 0050;Underwater Chest;Popla Foothills North Well;Faron;X;0;Surface;
109;Topaz;0567, -2149, 0052;Other/Regular;Popla Foothills Excavation Site;Faron;X;0;Surface;
110;Knight Claymore (11);1424, -3487, 0077;Other/Regular;Ubota Point Cave;Faron;X;0;Surface;
165;Arrow x5;1480, 2611, 0406;Other/Regular;Eldin;Eldin;X;0;Surface;
166;Fire-Breath Lizalfos Horn;1443, 2595, 0408;Other/Regular;Eldin;Eldin;X;0;Surface;
167;Opal;0218, -0112, 0027;Other/Regular;North of Ranch Ruins;Central Hyrule;X;0;Surface;
168;Spiked-Iron-Ball Sledge (33, Attack Up +8);0037, -1277, 0030;Other/Regular;SouthEast of Teniten Shrine;Central Hyrule;X;0;Surface;
169;Opal;-0021, -1728, 0072;Top of the Pillar;Scout's Hill;Central Hyrule;X;0;Surface;
170;Rubber Helm;1592, -2946, -0023;Misko's Treasure;Sarjon Woods Cave;Faron;X;0;Surface;34
171;Brightbloom Seed x10;3317, 0994, 0468;Top of the Pillar;Upland Zorana;Lanayru;X;0;Surface;
172;Mighty Zonaite Spear (8, Durability Up+);3173, 0924, 0435;Other/Regular;Upland Zorana;Lanayru;X;0;Surface;
173;Large Zonai Charge;2877, 0677, 0372;Other/Regular;Upland Zorana;Lanayru;X;0;Surface;
174;Arrow x5;2895, 0752, 0360;Other/Regular;Upland Zorana;Lanayru;X;0;Surface;
175;Arrow x10;-1793, -2688, 0148;Other/Regular;Yarna Valley;Gerudo Highlands;X;0;Surface;
176;Stake x3;-2091, -3051, 0235;Top of the Pillar;Champions Gate;Gerudo Highlands;X;0;Surface;
177;Vah Naboris Divine Helm;-4673, -2090, 0000;Other/Regular;West Gerudo Underground Ruins;Gerudo Desert;X;0;Surface;106
178;Silver Lizal Blade;1491, 1590, 0351;Other/Regular;Goronbi River;Eldin Canyon;X;0;Surface;
180;Royal Broadsword (10, Durability Up +);0484, -3721, 0006;Other/Regular;Komo Shoreline Cave;Faron;X;0;Surface;
181;Royal Broadsword (10, Long Throw);2618, 0557, 0192;Other/Regular;Upland Zorana Mountainside Cave;Lanayru;X;0;Surface;
182;Silver Lizal Spear (49, Attack Up +8);;Other/Regular;Tabahl Woods Cave;Lanayru;X;0;Surface;
183;Amber;0081, -0991, 1418;Other/Regular;Northwestern small Island;Great Sky Island;X;0;Surface;
184;Arrow x5;0024, -1526, 1408;Other/Regular;Behind the rock wall behind In-isa Shrine;Great Sky Island;X;0;Surface;
185;Soldier Reaper (7);0141, -1587, 1379;Other/Regular;SouthEast of In-isa Shrine;Great Sky Island;X;0;Surface;
186;Archaic Legwear;****, ****, ****;Other/Regular;Room of Awakening;Great Sky Island;X;0;Surface;98
187;Archaic Tunic;0239, -1558, 1364;Other/Regular;Pondside Cave;Great Sky Island;X;0;Surface;97
188;Amber;0275, -1715, 1355;Top of the Pillar;West from the Room of Awakening;Great Sky Island;X;0;Surface;
189;Energizing Elixir (1/3 wheel);0314, -1628, 1417;Other/Regular;Northwest of the Room of Awakening;Great Sky Island;X;0;Surface;
197;Zonaite x3;0389, -1183, 1474;Other/Regular;South of Temple of Time;Great Sky Island;X;0;Surface;
198;Traveler's Sword (5);0008, -0176, 0026;Other/Regular;Ranch Ruins Cave;Central Hyrule;X;0;Surface;
199;Arrow x5;0022, 0094, 0025;Other/Regular;Mabe Prairie;Hyrule Field;X;0;Surface;
200;Arrow x5;0517, 0494, 0024;Other/Regular;Orseda Bridge;Hyrule Field;X;0;Surface;
201;Bomb Flower;1180, 0321, 0145;Other/Regular;Crenel Peak;Hyrule Field;X;0;Surface;
210;Soldiers Claymore (8);1275, 1156, 0018;Underwater Chest;Pico Pond;Hyrule Ridge;X;0;Surface;
211;Rocket x3;1039, 1252, 0072;Top of the Pillar;Outside Ekochiu Shrine;Great Hyrule Forest;X;0;Surface;
212;Large Zonai Charge;1254, 1247, 0385;Other/Regular;Above Pico Pond Cave;Great Hyrule Forest;X;0;Sky;
213;Soldier's Broadsword (6);1562, 2823, 0252;Other/Regular;Isle of Rabac Gallery;Eldin;X;0;Surface;
214;Ruby;1707, 3021, 0239;Other/Regular;Isle of Rabac Gallery;Eldin;X;0;Surface;
215;Strong Construct Bow (11);2115, 2767, -0965;Like Like;Death Mountain Depths;Eldin;X;0;Depths;
216;Zonaite Shield (11);1355, 2619, -0802;Like Like;Fire Temple 1F;Eldin;X;0;Depths;
217;Diamond;1313, 2615, -0785;Other/Regular;Fire Temple 2F;Eldin;X;0;Depths;
218;Strong Zonaite Shield (26);1415, 2897, -0754;Other/Regular;Fire Temple 3F;Eldin Depths;X;0;Depths;
221;Arrow x5;1380, -0944, 0139;Other/Regular;North of Sashara Slope Tower;East Necluda;X;0;Surface;
224;Sage's Will;1934, -1063, 0961;Other/Regular;North Necluda Sky Archipelago Luminous Island;Necluda;X;1;Sky;
225;Large Zonaite;-0800, -1920, -0466;Other/Regular;Great Abandoned Central Mine;Hyrule Field;X;0;Depths;
226;Miner's Trousers;-1287, -2250, -0707;Other/Regular;Hylia Canyon Mine;Hyrule Field Depths;X;0;Depths;24
227;Well-Worn Hair Band;3304, -2294, 0112;Other/Regular;Zelda's Secret Well;East Necluda;X;0;Surface;126
228;Shield of the Mind's Eye;3461, -2093, 0102;Like Like;Hateno Village East Well;East Necluda;X;0;Surface;
229;Shield of the Mind's Eye;3405, -2153, 0095;Floating Chest;Hateno Village East Well;East Necluda;X;0;Surface;
230;Royal Guard's Spear (15);-0258, 1064, 0465;Other/Regular;Hyrule Castle 1F;Hyrule Field;X;0;Surface;
231;Sapphire;-0249, 1064, 0465;Other/Regular;Hyrule Castle 1F;Hyrule Field;X;0;Surface;
232;Gold Rupee;-0254, 1068, 0421;Other/Regular;Hyrule Castle 1F;Hyrule Field;X;0;Surface;
233;Royal Broadsword (10);-0235, 1052, 0379;Other/Regular;Hyrule Castle 1F;Hyrule Field;X;0;Surface;
234;Purple Rupee;-0273, 1033, 0356;Other/Regular;Hyrule Castle 1F;Hyrule Field;X;0;Surface;
235;Champion's Leathers;-0255, 1092, 0350;Other/Regular;Hyrule Castle 1F;Hyrule Field;A New Champion's Tunic;0;Surface;117
236;Zonaite Waistguard;2375, -1774, 1489;Other/Regular;Zonaite Forge Island;Necluda;X;0;Sky;47
237;Arrow x10;3675, -2055, 0176;Dog Treasure;Hateno Village;East Necluda;X;0;Surface;
238;Barbarian Leg Wraps;4050, -1875, 0156;Misko's Treasure;Walnot Cave;Necluda;X;0;Surface;33
239;Arrow x5;4371, -1590, 0076;Aerocuda Chest;Afromsia Coast;Necluda;X;0;Surface;
240;Large Crystallized Charge;-2411, -3486, -0394;Other/Regular;Yiga ;Gerudo Highlands Depths;X;0;Depths;
241;Purple Rupee;-2871, 0470, 0144;Other/Regular;Tabantha Bridge Stable Well;Hyrule Ridge;X;0;Surface;
242;Spiky Shield (7, Shield Guard Up +3);-2839, 0372, 0226;Other/Regular;South of Tabantha Bridge Stable;Hyrule Ridge;X;0;Surface;
243;Purple Rupee;-2390, 0512, 0170;Dog Treasure;Tabantha Bridge Stable;Hyrule Ridge;X;0;Surface;
244;Large Zonai Charge;-3620, 0997, 0275;Ascend into the Ruin;Nero Hill;Hyrule Ridge;X;0;Surface;
245;Zonaite Shield (11);-3063, 1581, 0281;Top of the Pillar;Above Oromuwak Shrine;Hyrule Ridge;X;0;Surface;
246;Frostbite Shirt;-3042, 1529, 0187;Misko's Treasure;Brightcap Cave;Tabantha Frontier;X;0;Surface;80
247;Arrow x5;-3433, 1885, 0146;Buried Chest;Rito Village;Tabantha Frontier;X;0;Surface;
248;Arrow x5;-3459, 1834, 0156;Buried Chest;Rito Village;Tabantha Frontier;X;0;Surface;
249;Purple Rupee;-3496, 1847, 0154;Other/Regular;Rito Village;Tabantha Frontier;X;0;Surface;
250;Swallow Bow (8);-3189, 2561, 0458;Other/Regular;Talonto Peak;Hebra;X;0;Surface;
251;Zonaite Sword (6);-2967, 2780, 0566;Top of the Pillar;Hebra Peak;Hebra;X;0;Surface;
252;Arrow x5;-2940, 2886, 0564;Other/Regular;Hebra Peak;Hebra;X;0;Surface;
253;Arrow x5;-2917, 3092, 0883;Other/Regular;Rising Island Chain;Hebra;X;0;Sky;
254;Portable Pot x3;-3258, 3318, 0956;Other/Regular;Rising Island Chain;Hebra;X;0;Sky;
255;Soldier II Spear (15);-3357, 3415, 0973;Other/Regular;Rising Island Chain;Hebra;X;0;Sky;
256;Old Map;-3460, 3515, 0930;Flux Construct;Rising Island Chain;Hebra;X;0;Sky;
257;Large Zonai Charge;-3040, 3146, 1082;Other/Regular;Rising Island Chain;Hebra;X;0;Sky;
258;Soldier II Spear (15);-2869, 2927, 1517;Other/Regular;Wind Temple 1F;Hebra;X;0;Sky;
259;Strong Construct Bow (11);-2717, 2965, 1483;Other/Regular;Wind Temple 1F;Hebra;X;0;Sky;
260;Soldier Blade (14);-2859, 3067, 1481;Other/Regular;Wind Temple B1;Hebra;X;0;Sky;
261;Zonaite Shield (11);-2830, 3066, 1517;Other/Regular;Wind Temple 1F;Hebra;X;0;Sky;
262;Arrow x10;-2882, 3088, 1538;Other/Regular;Wind Temple 1F;Hebra;X;0;Sky;
263;Opal;-2888, 3095, 1517;Other/Regular;Wind Temple 1F;Hebra;X;0;Sky;
264;Large Zonaite;-3001, 2977, 1511;Other/Regular;Wind Temple 1F;Hebra;X;0;Sky;
265;Ruby;-2890, 3103, 1481;Other/Regular;Wind Temple B1;Hebra;X;0;Sky;
266;Sapphire;-2828, 2902, 1481;Other/Regular;Wind Temple B1;Hebra;X;0;Sky;
267;Opal;-3568, 1754, 0161;Other/Regular;Rito Village;Hebra;X;0;Surface;
268;Large Crystallized Charge;-3466, 1917, -0348;Other/Regular;Abandoned Hebra Mine;Hebra;X;0;Depths;
269;Sheik's Mask;-4310, -3781, -0479;Other/Regular;Desert Coliseum;Gerudo Desert Depths;X;0;Depths;
270;Miner's Mask;-3230, -2476, -0475;Other/Regular;Abandoned Kara Kara Mine;Gerudo Desert;X;0;Depths;22
271;Large Crystallized Charge;-3201, -2442, -0441;Top of the Pillar;Abandoned Kara Kara Mine;Gerudo Desert;X;0;Depths;
272;Barbarian Armor;0631, 0819, 0027;Misko's Treasure;Crenel Hills Cave;Hyrule Field;X;0;Surface;32
273;Opal;-0526, 0455, 0027;Buried Chest;Hyrule Castle Town Ruins;Hyrule Field;X;0;Surface;
274;Traveler's Sword (10, Attack Up +5);-0925, 0316, 0020;Other/Regular;Mount Gustaf;Hyrule Field;X;0;Surface;
275;Spiky Club (13, Attack Up +4);-0887, 0436, 0064;Other/Regular;Quarry Ruins;Hyrule Field;X;0;Surface;
276;20 Rupees;-1355, 0694, 0085;Dog Treasure;New Serenne Stable;Hyrule Ridge;X;0;Surface;
277;Purple Rupee;-1391, 0733, 0067;Other/Regular;New Serenne Stable Well;Hyrule Ridge;X;0;Surface;
278;Sage's Will;2911, 0525, 0929;Other/Regular;Lanayru Sky Archipelago;Lanayru;X;0;Sky;
279;Old Map;3167, 0458, 0935;Other/Regular;Lanayru Sky Archipelago;Lanayru;X;0;Sky;
280;Giant Brightbloom Seed x5;3770, 0594, 0513;Top of the Pillar;Mipha Court;Lanayru;X;0;Surface;
281;Arrow x5;3689, 0635, 0188;Other/Regular;Pristine Sanctum;Lanayru;X;0;Surface;
282;Zora Helm;4094, 0529, 0586;Other/Regular;Floating Scales Island;Lanayru;X;0;Sky;1
283;Zora Sword (12, Critical Hit);3663, 0157, -0022;Floating Chest;Ancient Zora Waterworks;Lanayru;X;0;Surface;
284;Zora Shield (24);3733, 0303, -0020;Floating Chest;Ancient Zora Waterworks;Lanayru;X;0;Surface;
285;Soldier II Blade (23);3603, 0420, 1202;Buried Chest;Wellspring Island;Lanayru;X;0;Sky;
286;Big Battery;3876, 0566, 1179;Other/Regular;Wellspring Island;Lanayru;X;0;Sky;
287;Soldier III Spear (29);3684, 0529, 1207;Buried Chest;Wellspring Island;Lanayru;X;0;Sky;
288;Old Map;3691, 0592, 1245;Other/Regular;Wellspring Island;Lanayru;X;0;Sky;
289;Hydrant;3633, 0614, 1266;Other/Regular;Wellspring Island;Lanayru;X;0;Surface;
290;Hover Stone x3;3612, 0756, 1296;Other/Regular;Wellspring Island;Lanayru;X;0;Sky;
291;Soldier III Reaper (30);3416, 0844, 1331;Other/Regular;Wellspring Island;Lanayru;X;0;Sky;
292;Sage's Will;3381, 0625, 1290;Flux Construct;Wellspring Island;Lanayru;X;0;Sky;
293;Soldier III Spear (29);3358, 0664, 1295;Other/Regular;Wellspring Island;Lanayru;X;0;Sky;
294;Old Map;3201, 0598, 1417;Other/Regular;Wellspring Island;Lanayru;X;0;Surface;
295;Captain II Reaper (27);3355, 0351, 1506;Other/Regular;Wellspring Island;Lanayru;X;0;Sky;
296;Opal;3457, 0368, 1512;Other/Regular;Wellspring Island;Lanayru;X;0;Sky;
297;Old Map;-1456, -1585, 1220;Other/Regular;South Hyrule Sky Archipelago;Hyrule Field;X;0;Sky;
298;Sapphire;3310, 0671, 1717;Underwater Chest;Water Temple B1;Lanayru;X;0;Sky;
299;Zora Shield (24);3279, 0576, 1788;Other/Regular;Water Temple 1F;Lanayru;X;0;Sky;
300;Large Zonaite;3376, 0717, 1709;Other/Regular;Water Temple B1;Lanayru;X;0;Sky;
301;Arrow x5;3441, 0820, 1775;Other/Regular;Water Temple 1F;Lanayru;X;0;Sky;
302;Large Zonai Charge;3525, 0642, 1809;Other/Regular;Water Temple 1F;Lanayru;X;0;Sky;
303;Opal;3499, 0751, 1786;Other/Regular;Water Temple 1F;Lanayru;X;0;Sky;
304;Zora Greaves;3585, 0247, -0103;Other/Regular;Ancient Zora Waterworks;Lanayru;A Token of Friendship;0;Surface;3
305;Old Map;-1955, -1809, 1167;Other/Regular;East Gerudo Sky Archipelago;Gerudo;X;0;Sky;
306;Sage's Will;-1958, -1812, 1140;Other/Regular;Gerudo Sky Archipelago;Gerudo;X;0;Sky;
307;Bomb Flower x3;-3291, -2545, 0023;Dog Treasure;Kara Kara Bazaar;Gerudo Desert;X;0;Surface;
308;Flame Emitter x3;-3714, -3255, -0032;Buried Chest;Central Gerudo Cave;Gerudo Desert;X;0;Surface;
309;Giant Brightbloom Seed x5;-3777, -2548, 0009;Buried Chest;Gerudo Sanctuary;Gerudo Desert;X;0;Surface;
310;Knight's Bow (26);-3790, -2634, 0032;Other/Regular;North Gerudo Ruins;Gerudo Desert;X;0;Surface;
311;Purple Rupee;2635, 1160, 0125;Floating Chest;Foothill Stable Well;Eldin;X;0;Surface;
312;Soldier's Shield (16, Durability Up));2637, 1169, 0129;Buried Chest;Foothill Stable Well;Eldin;X;0;Surface;
313;Flame Emitter;-4418, -3492, 0027;Buried Chest;Lightning Temple 1F;Gerudo Desert;X;0;Surface;
314;Large Zonai Charge;-4513, -3612, -0016;Other/Regular;Lightning Temple B1;Gerudo Desert;X;0;Surface;
315;Topaz;-4535, -3634, -0004;Other/Regular;Lightning Temple B1;Gerudo Desert;X;0;Surface;
316;Mighty Zonaite Shield (50);-4684, -3664, -0005;Other/Regular;Lightning Temple B1;Gerudo Desert;X;0;Surface;
317;Might Construct Bow (24);-4619, -3718, 0007;Other/Regular;Lightning Temple B1;Gerudo Desert;X;0;Surface;
318;Large Zonai Charge;-3598, -2835, 0040;Other/Regular;Northeast of Gerudo Town;Gerudo Desert;X;0;Surface;
319;Large Zonai Charge;-3590, -3024, 0030;Other/Regular;East of Gerudo Town;Gerudo Desert;X;0;Surface;
320;Knight's Shield (40);-3372, -2941, -0030;Other/Regular;Quicksand Lake Cave;Gerudo Desert;X;0;Surface;
321;Giant Brightbloom Seed x5;1100, 1112, 0021;Dog Treasure;Woodland Stable;Eldin;X;0;Surface;
322;Battery x3;1727, 1868, 0357;Other/Regular;Gortram Cliff;Eldin;X;0;Surface;
323;Cobble Crusher (9, Long Throw);1710, 2047, 0313;Other/Regular;Southern Mine;Eldin;X;0;Surface;
324;Rocket;1901, 1832, 0289;Other/Regular;East Restaurant Cave;Eldin;X;0;Surface;
325;Ruby;1915, 1782, 0290;Other/Regular;East Restaurant Cave;Eldin;X;0;Surface;
326;Throwing Spear (11, Attack Up +8);0375, -1096, -0001;Buried Chest;Riverside Stable Well;Hyrule Field;X;0;Surface;
327;Soldier's Shield (25, Shield Guard Up +9);-0229, -1051, -0029;Other/Regular;Whistling Hill Cave;Hyrule Field;X;0;Surface;
328;Rubber Armor;-0070, -1117, -0004;Misko's Treasure;Whistling Hill Cave;Hyrule Field;X;0;Surface;
329;Sage's Will;3810, 1581, 1144;Other/Regular;Sokkala Sky Archipelago Sphere;Akkala;X;0;Sky;
330;Old Map;3661, 1801, 0988;Other/Regular;Sokkala Sky Archipelago;Akkala;X;0;Sky;
331;Big Battery;4654, 3711, 1063;Other/Regular;Lomei Sky Labyrinth;Akkala;X;0;Sky;
332;Soldier III Blade (43);4602, 3621, 1084;Other/Regular;Lomei Sky Labyrinth;Akkala;The Lomei Labyrinth Island Prophecy;0;Sky;
333;Soldier III Reaper (38);4655, 3752, -0440;Other/Regular;Lomei Labyrinth Chasm;Akkala;The Lomei Labyrinth Island Prophecy;0;Depths;
334;Royal Halberd (7);-0153, 0894, 0283;Other/Regular;Second Gatehouse;Hyrule Field;X;0;Surface;
335;Royal Shield (55);-0096, 0932, 0295;Other/Regular;Hyrule Castle 1F;Hyrule Field;X;0;Surface;
336;Royal Guard's Sword (22);-0384, 0993, 0314;Other/Regular;Hyrule Castle 1F (Zelda's Study);Hyrule Field;X;0;Surface;
337;Royal Guard Cap;-0330, 1005, 0300;Other/Regular;Hyrule Castle B1 (Zelda's Bedroom);Hyrule Field;X;0;Surface;
338;Royal Guard's Claymore (32);-0387, 1000, 0240;Other/Regular;Hyrule Castle B3;Hyrule Field;X;0;Surface;
339;Zonaite x3;-1464, 1278, 0164;Top of the Pillar;Salari Hill;Hyrule Ridge;X;0;Surface;
340;Arrow x10;-1312, 2410, -0104;Other/Regular;Forgotten Temple;Hyrule Ridge;X;0;Surface;
341;Knight's Bow (26, Quick Shot);-1302, 2447, -0057;Other/Regular;Forgotten Temple;Hyrule Ridge;X;0;Surface;
342;Royal Halberd (7);-1223, 2498, -0104;Other/Regular;Forgotten Temple;Hyrule Ridge;X;0;Surface;
343;Arrow x5;-1062, 2716, -0050;Other/Regular;Forgotten Temple;Hyrule Ridge;X;0;Surface;
344;Amber;-1021, 2449, 0126;Other/Regular;Rowan Plain;Hyrule Ridge;X;0;Surface;
345;Huge Crystallized Charge;-1192, 2028, -0548;Depths Boss - Mucktorok;Forgotten Temple Depths;Hyrule Ridge;X;0;Depths;
346;Royal Broadsword (10);-0289, 3082, 0108;Buried Chest;West of Typhlo Ruins;Great Hyrule Forest;X;0;Surface;
347;Old Map;0435, 2196, 2243;Other/Regular;North Hyrule Sky Archipelago;Great Hyrule Forest;X;0;Sky;
348;Gnarled Wooden Stick (18, Attack Up +4);2344, -0364, 0145;Other/Regular;Rabia Plain;Lanayru;X;0;Surface;
349;Silver Rupee;1777, -0387, 0040;Other/Regular;Bannan Island;Lanayru;X;0;Surface;
350;Royal Broadsword (10);1675, -0357, 0036;Top of the Pillar;Lanayru Wetlands;Lanayru;X;0;Surface;
351;Old Map;1662, -0352, 0400;Other/Regular;Lanayru Wetlands Sky;Lanayru;X;0;Sky;
352;Opal;2818, 0553, 0384;Other/Regular;Upland Zorana;Lanayru;X;0;Surface;
353;Vah Ruta Divine Helm;3336, 0544, 0019;Other/Regular;Cave Under Zora's Domain;Lanayru;X;0;Surface;
354;Charged Shirt;1004, -2539, 0013;Other/Regular;Dracozu Lake;Faron;Secret of the Ring Ruins;0;Surface;
355;Charged Trousers;0952, -2705, 0012;Other/Regular;Dracozu River;Faron;Secret of the Ring Ruins;0;Surface;
356;Charged Headdress;0984, -2828, 0012;Other/Regular;Dracozu River;Faron;Secret of the Ring Ruins;0;Surface;
357;Royal Halberd (7, Durability Up +);-0857, -0405, 0023;Buried Chest;Passeri Greenbelt;Hyrule Field;X;0;Surface;
358;Soldier's Greaves;-0307, 0281, -0006;Other/Regular;Royal Hidden Passage;Hyrule Field;X;0;Surface;
359;Royal Claymore (14);-0323, 0306, -0006;Other/Regular;Royal Hidden Passage;Hyrule Field;X;0;Surface;
360;Soldier's Helm;-0231, 0467, -0039;Other/Regular;Royal Hidden Passage;Hyrule Field;X;0;Surface;
361;Royal Broadsword (10);-0213, 0457, -0027;Other/Regular;Royal Hidden Passage;Hyrule Field;X;0;Surface;
362;Knight's-Halberd Halberd (13, Long Throw);-0214, 0527, -0053;Other/Regular;Royal Hidden Passage;Hyrule Field;X;0;Surface;
363;Soldier's Armor;-0267, 0637, -0035;Other/Regular;Royal Hidden Passage;Hyrule Field;X;0;Surface;
364;Knight's Shield (40, Durability Up);-0229, 0788, 0040;Other/Regular;Royal Hidden Passage;Hyrule Field;X;0;Surface;
365;Royal Halberd (7, Long Throw);-0292, 0802, 0053;Other/Regular;Royal Hidden Passage;Hyrule Field;X;0;Surface;
366;Royal Bow (42, Attack Up +4);-0230, 0787, 0070;Other/Regular;Royal Hidden Passage;Hyrule Field;X;0;Surface;
367;Royal Halberd (13, Attack Up +6);-0230, 0792, 0072;Other/Regular;Royal Hidden Passage;Hyrule Field;X;0;Surface;
368;Diamond;-0253, 0762, 0087;Other/Regular;Royal Hidden Passage;Hyrule Field;X;0;Surface;
369;Royal Guard Uniform;-0410, 0853, 0075;Other/Regular;Guards' Chamber;Hyrule Castle;X;0;Surface;
370;Old Map;2158, -2592, 1262;Other/Regular;Necluda Sky Archipelago;Necluda;X;0;Sky;
371;Mighty Zonaite Spear (8, Long Throw);0882, -2788, 0727;Other/Regular;Thunderhead Isles;Faron;X;0;Sky;
372;Old Map;0953, -3112, 0756;Other/Regular;Thunderhead Isles;Faron;X;0;Sky;
373;Shock Emitter;1010, -3285, 0808;Other/Regular;Thunderhead Isles;Faron;X;0;Sky;
374;Amber;0130, -1449, 1374;Other/Regular;behind the waterfall Northeast of In-isa Shrine;Great Sky Island;Fuse;0;Sky;
375;Time Bomb x3;0512, 0079, 0052;Top of the Pillar;Mabe Prairie;Hyrule Field;X;0;Surface;
376;Wing x3;0630, -0081, 0075;Top of the Pillar;Applean Forest;Hyrule Field;X;0;Surface;
377;Soldier's-Spear Spear;0916, 0058, 0005;Other/Regular;Rebonae Bridge Cave;Eldin;X;0;Surface;
